{
  "last_analysis": "2025-04-30T17:06:21.356128",
  "attack_counters": {},
  "ip_request_stats": {},
  "known_user_agents": {},
  "endpoint_access_patterns": {},
  "anomaly_scores": {
    "152.59.59.15": 0.0,
    "127.0.0.1": 6.884683795282953e-17,
    "152.58.20.198": 0.009765625
  }
}